Source;Target;Type;Weight
0;1;Undirected;0.0241935
2;24;Undirected;0.0322581
3;4;Undirected;0.0322581
3;5;Undirected;0.0806452
3;23;Undirected;0.0282258
4;5;Undirected;0.0322581
5;23;Undirected;0.0282258
8;12;Undirected;0.0443548
8;19;Undirected;0.0201613
11;20;Undirected;0.0201613
12;19;Undirected;0.0403226
14;19;Undirected;0.0282258
14;21;Undirected;0.0322581
16;17;Undirected;0.0483871
19;20;Undirected;0.0241935
