Source;Target;Type;Weight
0;3;Undirected;0.0322581
0;4;Undirected;0.0241935
0;24;Undirected;0.0201613
2;7;Undirected;0.0443548
3;4;Undirected;0.0322581
3;24;Undirected;0.0282258
4;24;Undirected;0.0201613
5;23;Undirected;0.0282258
8;12;Undirected;0.0443548
12;19;Undirected;0.0403226
14;21;Undirected;0.0322581
16;17;Undirected;0.0483871
19;20;Undirected;0.0120968
